parent	category	uri	wiki
	Plant-based foods and beverages	/category/plant-based-foods-and-beverages	
Plant-based foods and beverages	Plant-based beverages	/category/plant-based-beverages	
Plant-based beverages	Coconut waters	/category/coconut-waters	Q633401
Plant-based beverages	Fruit-based beverages	/category/fruit-based-beverages	
Fruit-based beverages	Beverages with orange	/category/beverages-with-orange	
Fruit-based beverages	Fruit and milk juices	/category/fruit-and-milk-juices	
Fruit-based beverages	Fruit juices and nectars	/category/fruit-juices-and-nectars	
Fruit juices and nectars	Fruit juices	/category/fruit-juices	
Fruit juices	Apple juices	/category/apple-juices	Q618355
Apple juices	Concentrated apple juices	/category/concentrated-apple-juices	
Apple juices	Refrigerated squeezed apple juices	/category/refrigerated-squeezed-apple-juices	
Apple juices	Squeezed apple juices	/category/squeezed-apple-juices	
Fruit juices	Apricot juices	/category/apricot-juices	Q3337673
Apricot juices	Concentrated apricot juices	/category/concentrated-apricot-juices	
Fruit juices	Blueberry juices	/category/blueberry-juices	
Blueberry juices	Concentrated blueberry juices	/category/concentrated-blueberry-juices	
Blueberry juices	Squeezed blueberry juices	/category/squeezed-blueberry-juices	
Fruit juices	Clementine juices	/category/clementine-juices	
Fruit juices	Concentrated fruit juices	/category/concentrated-fruit-juices	
Concentrated fruit juices	Concentrated apple juices	/category/concentrated-apple-juices	
Concentrated fruit juices	Concentrated apricot juices	/category/concentrated-apricot-juices	
Concentrated fruit juices	Concentrated blueberry juices	/category/concentrated-blueberry-juices	
Concentrated fruit juices	Concentrated grape juices	/category/concentrated-grape-juices	
Concentrated fruit juices	Concentrated grapefruit juices	/category/concentrated-grapefruit-juices	
Concentrated fruit juices	Concentrated mango juices	/category/concentrated-mango-juices	
Concentrated fruit juices	Concentrated multifruit juices	/category/concentrated-multifruit-juices	
Concentrated fruit juices	Concentrated orange juices	/category/concentrated-orange-juices	
Concentrated fruit juices	Concentrated peach juices	/category/concentrated-peach-juices	
Concentrated fruit juices	Concentrated pear juices	/category/concentrated-pear-juices	
Concentrated fruit juices	Concentrated pineapple juices	/category/concentrated-pineapple-juices	
Concentrated fruit juices	Concentrated plum juices	/category/concentrated-plum-juices	
Concentrated fruit juices	Concentrated pomegranate juices	/category/concentrated-pomegranate-juices	
Concentrated fruit juices	Concentrated tangerine juices	/category/concentrated-tangerine-juices	
Fruit juices	Cranberry juice	/category/cranberry-juice	Q865448
Fruit juices	Grape juices	/category/grape-juices	Q1209756
Grape juices	Concentrated grape juices	/category/concentrated-grape-juices	
Grape juices	Squeezed grape juices	/category/squeezed-grape-juices	
Fruit juices	Grapefruit juices	/category/grapefruit-juices	Q1138468
Grapefruit juices	Concentrated grapefruit juices	/category/concentrated-grapefruit-juices	
Grapefruit juices	Fresh grapefruit juice	/category/fresh-grapefruit-juice	
Grapefruit juices	Squeezed grapefruit juices	/category/squeezed-grapefruit-juices	
Grapefruit juices	fr:Jus de pamplemousse rose	/category/fr:jus-de-pamplemousse-rose	
Fruit juices	Lemon juice	/category/lemon-juice	Q1375049
Fruit juices	Mango juices	/category/mango-juices	
Mango juices	Concentrated mango juices	/category/concentrated-mango-juices	
Fruit juices	Multifruit juices	/category/multifruit-juices	
Multifruit juices	Concentrated multifruit juices	/category/concentrated-multifruit-juices	
Multifruit juices	Refrigerated squeezed multifruit juices	/category/refrigerated-squeezed-multifruit-juices	
Multifruit juices	Squeezed multifruit juices	/category/squeezed-multifruit-juices	
Fruit juices	Orange juices	/category/orange-juices	Q1781317
Orange juices	Concentrated orange juices	/category/concentrated-orange-juices	
Orange juices	Refrigerated squeezed orange juices	/category/refrigerated-squeezed-orange-juices	
Orange juices	Squeezed orange juices	/category/squeezed-orange-juices	
Orange juices	fr:Jus d'orange sanguine	/category/fr:jus-d-orange-sanguine	
Fruit juices	Peach juices	/category/peach-juices	
Peach juices	Concentrated peach juices	/category/concentrated-peach-juices	
Fruit juices	Pear juices	/category/pear-juices	Q15951991
Pear juices	Concentrated pear juices	/category/concentrated-pear-juices	
Pear juices	Squeezed pear juices	/category/squeezed-pear-juices	
Fruit juices	Pineapple juices	/category/pineapple-juices	Q3190226
Pineapple juices	Concentrated pineapple juices	/category/concentrated-pineapple-juices	
Pineapple juices	Refrigerated squeezed pineapple juices	/category/refrigerated-squeezed-pineapple-juices	
Pineapple juices	Squeezed pineapple juices	/category/squeezed-pineapple-juices	
Fruit juices	Plum juices	/category/plum-juices	
Plum juices	Concentrated plum juices	/category/concentrated-plum-juices	
Plum juices	Squeezed plum juices	/category/squeezed-plum-juices	
Fruit juices	Pomegranate juices	/category/pomegranate-juices	Q3567034
Pomegranate juices	Concentrated pomegranate juices	/category/concentrated-pomegranate-juices	
Pomegranate juices	Squeezed pomegranate juices	/category/squeezed-pomegranate-juices	
Fruit juices	Prune juice	/category/prune-juice	
Fruit juices	Refrigerated squeezed juices	/category/refrigerated-squeezed-juices	
Refrigerated squeezed juices	Fresh grapefruit juice	/category/fresh-grapefruit-juice	
Refrigerated squeezed juices	Refrigerated squeezed apple juices	/category/refrigerated-squeezed-apple-juices	
Refrigerated squeezed juices	Refrigerated squeezed multifruit juices	/category/refrigerated-squeezed-multifruit-juices	
Refrigerated squeezed juices	Refrigerated squeezed orange juices	/category/refrigerated-squeezed-orange-juices	
Refrigerated squeezed juices	Refrigerated squeezed pineapple juices	/category/refrigerated-squeezed-pineapple-juices	
Refrigerated squeezed juices	Refrigerated squeezed tangerine juices	/category/refrigerated-squeezed-tangerine-juices	
Fruit juices	Squeezed juices	/category/squeezed-juices	
Squeezed juices	Squeezed apple juices	/category/squeezed-apple-juices	
Squeezed juices	Squeezed blueberry juices	/category/squeezed-blueberry-juices	
Squeezed juices	Squeezed grape juices	/category/squeezed-grape-juices	
Squeezed juices	Squeezed grapefruit juices	/category/squeezed-grapefruit-juices	
Squeezed juices	Squeezed multifruit juices	/category/squeezed-multifruit-juices	
Squeezed juices	Squeezed orange juices	/category/squeezed-orange-juices	
Squeezed juices	Squeezed pear juices	/category/squeezed-pear-juices	
Squeezed juices	Squeezed pineapple juices	/category/squeezed-pineapple-juices	
Squeezed juices	Squeezed plum juices	/category/squeezed-plum-juices	
Squeezed juices	Squeezed pomegranate juices	/category/squeezed-pomegranate-juices	
Squeezed juices	Squeezed tangerine juices	/category/squeezed-tangerine-juices	
Fruit juices	Strawberry juice	/category/strawberry-juice	Q1068602
Fruit juices	Tangerine juices	/category/tangerine-juices	Q40866122
Tangerine juices	Concentrated tangerine juices	/category/concentrated-tangerine-juices	
Tangerine juices	Refrigerated squeezed tangerine juices	/category/refrigerated-squeezed-tangerine-juices	
Tangerine juices	Squeezed tangerine juices	/category/squeezed-tangerine-juices	
Fruit juices and nectars	Fruit nectars	/category/fruit-nectars	
Fruit nectars	Apple nectars	/category/apple-nectars	
Fruit nectars	Apricot nectars	/category/apricot-nectars	
Fruit nectars	Banana nectars	/category/banana-nectars	
Fruit nectars	Blueberry nectars	/category/blueberry-nectars	
Fruit nectars	Cherry nectars	/category/cherry-nectars	
Fruit nectars	Grape nectars	/category/grape-nectars	
Fruit nectars	Grapefruit nectars	/category/grapefruit-nectars	
Fruit nectars	Guava nectars	/category/guava-nectars	
Fruit nectars	Mango nectars	/category/mango-nectars	
Fruit nectars	Melon nectars	/category/melon-nectars	
Fruit nectars	Multifruit nectars	/category/multifruit-nectars	
Fruit nectars	Orange nectars	/category/orange-nectars	
Fruit nectars	Passion fruit nectars	/category/passion-fruit-nectars	
Fruit nectars	Peach nectars	/category/peach-nectars	
Fruit nectars	Pear nectars	/category/pear-nectars	
Fruit nectars	Pineapple nectars	/category/pineapple-nectars	
Fruit nectars	Pomegranate nectars	/category/pomegranate-nectars	
Fruit nectars	Raspberry nectars	/category/raspberry-nectars	
Fruit nectars	Strawberry nectars	/category/strawberry-nectars	
Fruit nectars	Tangerine nectars	/category/tangerine-nectars	
Fruit-based beverages	Fruit sodas	/category/fruit-sodas	
Fruit sodas	de:Cola Mix	/category/de:cola-mix	Q1422578
Fruit sodas	Apple soft drinks	/category/apple-soft-drinks	
Fruit sodas	Lemon soft drinks	/category/lemon-soft-drinks	
Lemon soft drinks	Light lemon soft drinks	/category/light-lemon-soft-drinks	
Fruit sodas	Light fruit sodas	/category/light-fruit-sodas	
Light fruit sodas	Light lemon soft drinks	/category/light-lemon-soft-drinks	
Light fruit sodas	Light orange soft drinks	/category/light-orange-soft-drinks	
Fruit sodas	Orange soft drinks	/category/orange-soft-drinks	Q17069317
Orange soft drinks	Light orange soft drinks	/category/light-orange-soft-drinks	
Fruit sodas	Sodas with exotic fruits	/category/sodas-with-exotic-fruits	
Plant-based beverages	Fruit juice and soy drinks	/category/fruit-juice-and-soy-drinks	
Fruit juice and soy drinks	Apple juice and soy drinks	/category/apple-juice-and-soy-drinks	
Fruit juice and soy drinks	Multifruit juice and soy drinks	/category/multifruit-juice-and-soy-drinks	
Fruit juice and soy drinks	Orange juice and soy drinks	/category/orange-juice-and-soy-drinks	
Fruit juice and soy drinks	Peach juice and soy drinks	/category/peach-juice-and-soy-drinks	
Fruit juice and soy drinks	Pineapple juice and soy drinks	/category/pineapple-juice-and-soy-drinks	
Plant-based beverages	Herbal teas	/category/herbal-teas	Q379932
Herbal teas	Absinthium	/category/absinthium	Q25686
Herbal teas	Alexandrian senna	/category/alexandrian-senna	Q132675
Herbal teas	Anise	/category/anise	Q28692
Herbal teas	Boldo	/category/boldo	Q833994
Herbal teas	Chamomile	/category/chamomile	Q14169150
Chamomile	German chamomile	/category/german-chamomile	Q28437
Chamomile	Roman chamomile	/category/roman-chamomile	Q5723577
Herbal teas	Common nettle	/category/common-nettle	Q155909
Herbal teas	Coriander seeds	/category/coriander-seeds	
Herbal teas	Cotton lavender	/category/cotton-lavender	Q1543811
Herbal teas	Dandelion	/category/dandelion	Q131219
Herbal teas	Devil's claw	/category/devil-s-claw	Q386675
Herbal teas	Elderberry flowers	/category/elderberry-flowers	
Herbal teas	Eucalyptus	/category/eucalyptus	Q45669
Herbal teas	Fennel seeds	/category/fennel-seeds	
Herbal teas	Field horsetail	/category/field-horsetail	Q107592
Herbal teas	Fruit teas	/category/fruit-teas	Q744457
Fruit teas	Citrus fruit teas	/category/citrus-fruit-teas	
Fruit teas	Red fruit teas	/category/red-fruit-teas	
Herbal teas	Ginkgo	/category/ginkgo	Q43284
Herbal teas	Herbal tea beverages	/category/herbal-tea-beverages	
Herbal teas	Herbal tea blends	/category/herbal-tea-blends	
Herbal tea blends	Good nightrest tea blends	/category/good-nightrest-tea-blends	
Herbal tea blends	Verbena Peppermint	/category/verbena-peppermint	
Herbal tea blends	Weight-loss tea blends	/category/weight-loss-tea-blends	
Weight-loss tea blends	Weight-loss Teas	/category/weight-loss-teas	
Herbal teas	Herbal teas in tea bags	/category/herbal-teas-in-tea-bags	
Herbal teas	Hibiscus	/category/hibiscus	Q157124
Hibiscus	Roselle	/category/roselle	Q319390
Herbal teas	Honeybush	/category/honeybush	Q1627092
Herbal teas	Hyssop	/category/hyssop	Q137931
Herbal teas	Juniper berries	/category/juniper-berries	Q3251025
Herbal teas	Lavender	/category/lavender	Q42081
Herbal teas	Lemon balm	/category/lemon-balm	Q148396
Herbal teas	Limeflower tea	/category/limeflower-tea	Q127849
Limeflower tea	Large-leaved lime	/category/large-leaved-lime	Q156831
Limeflower tea	Small-leaved lime	/category/small-leaved-lime	Q158746
Herbal teas	Liquorice	/category/liquorice	Q257106
Herbal teas	Mallow	/category/mallow	Q156835
Herbal teas	Marsh-mallow	/category/marsh-mallow	Q158496
Herbal teas	Maypop	/category/maypop	Q128939
Herbal teas	Midland hawthorn	/category/midland-hawthorn	Q159553
Herbal teas	Olive leaves	/category/olive-leaves	Q7087231
Herbal teas	Orange blossom	/category/orange-blossom	Q1152711
Herbal teas	Perforate St John's-wort	/category/perforate-st-john-s-wort	Q158289
Herbal teas	Ribwort Plantain	/category/ribwort-plantain	Q157408
Herbal teas	Rock teas	/category/rock-teas	Q5927170
Herbal teas	Rooibos	/category/rooibos	Q272181
Herbal teas	Rose hip	/category/rose-hip	
Herbal teas	Rough bindweed	/category/rough-bindweed	Q161119
Herbal teas	Savory	/category/savory	Q22858
Savory	Summer savory	/category/summer-savory	Q157283
Savory	Winter savory	/category/winter-savory	Q160186
Herbal teas	Star anise	/category/star-anise	Q1760637
Herbal teas	Stevia leaves	/category/stevia-leaves	
Stevia leaves	Fresh stevia	/category/fresh-stevia	
Stevia leaves	Ground dried stevia	/category/ground-dried-stevia	
Stevia leaves	Potted stevia	/category/potted-stevia	
Herbal teas	Thyme tea bags	/category/thyme-tea-bags	
Herbal teas	Valerian	/category/valerian	Q157819
Herbal teas	Verbena family	/category/verbena-family	Q156960
Verbena family	Lemon verbena	/category/lemon-verbena	Q206532
Lemon verbena	Fresh lemon verbena	/category/fresh-lemon-verbena	
Lemon verbena	Ground dried lemon verbena	/category/ground-dried-lemon-verbena	
Verbena family	Vervains	/category/vervains	Q165290
Vervains	Brazilian verbena	/category/brazilian-verbena	Q3279023
Vervains	Common vervain	/category/common-vervain	Q161417
Herbal teas	White nettle	/category/white-nettle	Q157626
Herbal teas	Yarrow	/category/yarrow	Q25408
Plant-based beverages	Instant chicory	/category/instant-chicory	
Plant-based beverages	Juices and nectars	/category/juices-and-nectars	
Juices and nectars	Vegetable juices	/category/vegetable-juices	Q1501257
Vegetable juices	Carrot juices	/category/carrot-juices	Q1190074
Carrot juices	Concentrated carrot juices	/category/concentrated-carrot-juices	
Vegetable juices	Tomato juices	/category/tomato-juices	Q787325
Tomato juices	Concentrated tomato juices	/category/concentrated-tomato-juices	
Vegetable juices	fr:Jus de betterave	/category/fr:jus-de-betterave	
Plant-based beverages	Plant milks	/category/plant-milks	Q2640574
Plant milks	Cereal milks	/category/cereal-milks	Q1754817
Cereal milks	Amaranth milks	/category/amaranth-milks	
Cereal milks	Barley milks	/category/barley-milks	
Cereal milks	Buckwheat milks	/category/buckwheat-milks	
Cereal milks	Canary grass milks	/category/canary-grass-milks	
Cereal milks	Maize milks	/category/maize-milks	
Cereal milks	Millet milks	/category/millet-milks	
Cereal milks	Oat milks	/category/oat-milks	
Cereal milks	Quinoa milks	/category/quinoa-milks	
Cereal milks	Rice milks	/category/rice-milks	Q715187
Rice milks	Cocoa rice milks	/category/cocoa-rice-milks	
Rice milks	Natural rice milks	/category/natural-rice-milks	
Rice milks	Vanilla rice milks	/category/vanilla-rice-milks	
Cereal milks	Sesame milks	/category/sesame-milks	
Cereal milks	Teff milks	/category/teff-milks	
Cereal milks	Wheat milks	/category/wheat-milks	
Wheat milks	Khorasan wheat milks	/category/khorasan-wheat-milks	
Wheat milks	Spelt milks	/category/spelt-milks	
Plant milks	Coconut milks	/category/coconut-milks	Q841779
Plant milks	Hemp milks	/category/hemp-milks	Q13099103
Plant milks	Legume milks	/category/legume-milks	
Legume milks	Soy milks	/category/soy-milks	Q192199
Soy milks	Chocolate soy milks	/category/chocolate-soy-milks	
Soy milks	Coffee soy milks	/category/coffee-soy-milks	
Soy milks	Sweetened natural soy milks	/category/sweetened-natural-soy-milks	
Soy milks	Unsweetened natural soy milks	/category/unsweetened-natural-soy-milks	
Soy milks	Vanilla soy milks	/category/vanilla-soy-milks	
Plant milks	Mixed plant milks	/category/mixed-plant-milks	
Plant milks	Nut milks	/category/nut-milks	
Nut milks	Almond milks	/category/almond-milks	Q975953
Nut milks	Chestnut milks	/category/chestnut-milks	
Nut milks	Hazelnut milks	/category/hazelnut-milks	
Nut milks	Macadamia nut milks	/category/macadamia-nut-milks	
Nut milks	Walnut milks	/category/walnut-milks	
Plant milks	Tigernut milks	/category/tigernut-milks	
Tigernut milks	Horchatas de chufa	/category/horchatas-de-chufa	Q1587937
Horchatas de chufa	Frozen horchatas de chufa	/category/frozen-horchatas-de-chufa	
Plant-based beverages	Smoothies	/category/smoothies	Q13290
Smoothies	Fruit smoothies	/category/fruit-smoothies	
Plant-based beverages	Teas	/category/teas	Q6097
Teas	Black teas	/category/black-teas	Q203415
Black teas	Flavored black teas	/category/flavored-black-teas	
Flavored black teas	Bergamot flavored black teas	/category/bergamot-flavored-black-teas	
Flavored black teas	Lemon flavored black teas	/category/lemon-flavored-black-teas	
Teas	Ceylan teas	/category/ceylan-teas	
Teas	Chaï teas	/category/chai-teas	
Teas	Decaffeinated teas	/category/decaffeinated-teas	
Teas	Fermented teas	/category/fermented-teas	Q16241634
Teas	Flavored teas	/category/flavored-teas	
Flavored teas	Teas with bergamot	/category/teas-with-bergamot	
Teas with bergamot	Bergamot flavored black teas	/category/bergamot-flavored-black-teas	
Teas	Green teas	/category/green-teas	Q484083
Green teas	Chinese green teas	/category/chinese-green-teas	
Chinese green teas	Long Jing green teas	/category/long-jing-green-teas	Q1069130
Chinese green teas	Maojian teas	/category/maojian-teas	Q10888066
Green teas	Japanese green teas	/category/japanese-green-teas	
Japanese green teas	Bancha teas	/category/bancha-teas	Q789960
Japanese green teas	Genmaicha teas	/category/genmaicha-teas	Q519365
Japanese green teas	Roasted Green teas	/category/roasted-green-teas	
Japanese green teas	Sencha teas	/category/sencha-teas	Q1334390
Sencha teas	Fukuju teas	/category/fukuju-teas	
Green teas	Roasted Japanese green teas	/category/roasted-japanese-green-teas	
Roasted Japanese green teas	fr:Thés Hojicha	/category/fr:thes-hojicha	Q1652744
Teas	Iced teas	/category/iced-teas	Q348958
Iced teas	Iced teas with mango flavor	/category/iced-teas-with-mango-flavor	
Iced teas	Iced teas with mint flavor	/category/iced-teas-with-mint-flavor	
Iced teas	Iced teas with raspberry flavor	/category/iced-teas-with-raspberry-flavor	
Iced teas	Lemon flavored iced teas	/category/lemon-flavored-iced-teas	
Iced teas	Light iced teas	/category/light-iced-teas	
Iced teas	Peach flavored iced teas	/category/peach-flavored-iced-teas	
Teas	Lemon teas	/category/lemon-teas	
Lemon teas	Lemon flavored black teas	/category/lemon-flavored-black-teas	
Teas	Mint teas	/category/mint-teas	Q937101
Mint teas	Green teas with mint	/category/green-teas-with-mint	
Teas	Oolong teas	/category/oolong-teas	Q231587
Teas	Tea bags	/category/tea-bags	
Teas	Tea-based beverages	/category/tea-based-beverages	
Tea-based beverages	Kombuchas	/category/kombuchas	
Teas	Vanilla teas	/category/vanilla-teas	
Teas	White teas	/category/white-teas	Q238306
White teas	Bai Mudan teas	/category/bai-mudan-teas	Q788624
White teas	Baihao Yinzhen teas	/category/baihao-yinzhen-teas	Q1194937
White teas	Shoumei teas	/category/shoumei-teas	Q4526292
Teas	Yellow teas	/category/yellow-teas	Q824529
Plant-based beverages	Vegetable-based beverages	/category/vegetable-based-beverages	
Plant-based foods and beverages	Plant-based foods	/category/plant-based-foods	
Plant-based foods	Canned plant-based foods	/category/canned-plant-based-foods	
Canned plant-based foods	Canned cereals	/category/canned-cereals	
Canned cereals	Canned corn	/category/canned-corn	
Canned corn	Canned sweet corn	/category/canned-sweet-corn	
Canned plant-based foods	Canned fruits	/category/canned-fruits	
Canned fruits	Canned fruits in juice	/category/canned-fruits-in-juice	
Canned fruits in juice	Pineapple in juice	/category/pineapple-in-juice	
Canned fruits	Canned pineapples	/category/canned-pineapples	
Canned fruits	Fruits in syrup	/category/fruits-in-syrup	
Fruits in syrup	Apricots in syrup	/category/apricots-in-syrup	
Fruits in syrup	Canned mixed fruit in syrup	/category/canned-mixed-fruit-in-syrup	
Fruits in syrup	Cherries in syrup	/category/cherries-in-syrup	
Fruits in syrup	Grapefruits in syrup	/category/grapefruits-in-syrup	
Fruits in syrup	Lychees in syrup	/category/lychees-in-syrup	
Fruits in syrup	Mangoes in syrup	/category/mangoes-in-syrup	
Fruits in syrup	Peaches in syrup	/category/peaches-in-syrup	
Fruits in syrup	Pears in syrup	/category/pears-in-syrup	
Fruits in syrup	Pineapple in syrup	/category/pineapple-in-syrup	
Canned plant-based foods	Canned hearts of palm	/category/canned-hearts-of-palm	Q743144
Canned plant-based foods	Canned legumes	/category/canned-legumes	
Canned legumes	Canned broad beans	/category/canned-broad-beans	
Canned legumes	Canned chickpeas	/category/canned-chickpeas	
Canned legumes	Canned common beans	/category/canned-common-beans	
Canned common beans	Canned flageolet beans	/category/canned-flageolet-beans	
Canned common beans	Canned kidney common beans	/category/canned-kidney-common-beans	
Canned common beans	Canned white common beans	/category/canned-white-common-beans	
Canned common beans	fr:Haricots noirs en conserve	/category/fr:haricots-noirs-en-conserve	
Canned legumes	Canned green beans	/category/canned-green-beans	
Canned green beans	Canned flat green beans	/category/canned-flat-green-beans	
Canned legumes	Canned green pigeon peas	/category/canned-green-pigeon-peas	
Canned legumes	Canned lentils	/category/canned-lentils	
Canned legumes	Canned peas	/category/canned-peas	Q4145855
Canned legumes	Canned peas and carrots	/category/canned-peas-and-carrots	
Canned legumes	Canned scarlet runner beans	/category/canned-scarlet-runner-beans	
Canned legumes	Legume pickles	/category/legume-pickles	
Legume pickles	Pickled lupin beans	/category/pickled-lupin-beans	
Canned legumes	fr:Haricots beurre en conserve	/category/fr:haricots-beurre-en-conserve	
Canned plant-based foods	Canned mushrooms	/category/canned-mushrooms	
Canned mushrooms	Canned bloody milk cap	/category/canned-bloody-milk-cap	
Canned mushrooms	Canned champignon mushrooms	/category/canned-champignon-mushrooms	
Canned champignon mushrooms	Canned quartered champignon mushrooms	/category/canned-quartered-champignon-mushrooms	
Canned champignon mushrooms	Canned sliced champignon mushrooms	/category/canned-sliced-champignon-mushrooms	
Canned champignon mushrooms	Canned whole champignon mushrooms	/category/canned-whole-champignon-mushrooms	
Canned mushrooms	Canned chanterelles	/category/canned-chanterelles	
Canned mushrooms	Canned Hygrophorus latitabundus	/category/canned-hygrophorus-latitabundus	
Canned mushrooms	Canned king trumpet mushrooms	/category/canned-king-trumpet-mushrooms	
Canned mushrooms	Canned mixed mushrooms	/category/canned-mixed-mushrooms	
Canned mushrooms	Canned nameko mushrooms	/category/canned-nameko-mushrooms	
Canned mushrooms	Canned oyster mushrooms	/category/canned-oyster-mushrooms	
Canned mushrooms	Canned paddy straw mushrooms	/category/canned-paddy-straw-mushrooms	
Canned mushrooms	Canned porcini mushrooms	/category/canned-porcini-mushrooms	
Canned mushrooms	Canned red pine mushrooms	/category/canned-red-pine-mushrooms	
Canned mushrooms	Canned shiitake mushrooms	/category/canned-shiitake-mushrooms	
Canned mushrooms	Canned truffles	/category/canned-truffles	
Canned plant-based foods	Canned nuts	/category/canned-nuts	
Canned nuts	Chestnuts in syrup	/category/chestnuts-in-syrup	
Canned plant-based foods	Canned seaweeds	/category/canned-seaweeds	
Canned seaweeds	Canned mixed seaweeds	/category/canned-mixed-seaweeds	
Canned seaweeds	Canned sea spaghetti seaweeds	/category/canned-sea-spaghetti-seaweeds	
Canned seaweeds	Canned wakame seaweeds	/category/canned-wakame-seaweeds	
Canned seaweeds	Seaweed spread	/category/seaweed-spread	
Canned plant-based foods	Canned sprouts	/category/canned-sprouts	
Canned sprouts	Canned legume sprouts	/category/canned-legume-sprouts	
Canned legume sprouts	Canned alfalfa sprouts	/category/canned-alfalfa-sprouts	
Canned legume sprouts	Canned mung bean sprouts	/category/canned-mung-bean-sprouts	
Canned plant-based foods	Canned vegetables	/category/canned-vegetables	
Canned vegetables	Canned artichokes	/category/canned-artichokes	
Canned vegetables	Canned asparagus	/category/canned-asparagus	
Canned asparagus	Canned green asparagus	/category/canned-green-asparagus	
Canned asparagus	Canned white asparagus	/category/canned-white-asparagus	
Canned vegetables	Canned beet	/category/canned-beet	
Canned vegetables	Canned broad beans	/category/canned-broad-beans	
Canned vegetables	Canned Brussels sprouts	/category/canned-brussels-sprouts	
Canned vegetables	Canned cabbage	/category/canned-cabbage	
Canned vegetables	Canned carrots	/category/canned-carrots	
Canned vegetables	Canned cauliflower	/category/canned-cauliflower	
Canned vegetables	Canned celery	/category/canned-celery	
Canned vegetables	Canned chards	/category/canned-chards	
Canned vegetables	Canned green pigeon peas	/category/canned-green-pigeon-peas	
Canned vegetables	Canned leeks	/category/canned-leeks	
Canned vegetables	Canned peas	/category/canned-peas	Q4145855
Canned vegetables	Canned peas and carrots	/category/canned-peas-and-carrots	
Canned vegetables	Canned peppers	/category/canned-peppers	
Canned peppers	Canned red peppers	/category/canned-red-peppers	
Canned vegetables	Canned potatoes	/category/canned-potatoes	
Canned vegetables	Canned salsifis	/category/canned-salsifis	
Canned vegetables	Canned spinachs	/category/canned-spinachs	
Canned vegetables	Canned tomatoes	/category/canned-tomatoes	
Canned tomatoes	Peeled tomatoes	/category/peeled-tomatoes	
Peeled tomatoes	fr:Chair de tomates	/category/fr:chair-de-tomates	
Canned vegetables	Vegetable paste	/category/vegetable-paste	
Vegetable paste	Eggplant caviar	/category/eggplant-caviar	Q21856516
Vegetable paste	Squash caviar	/category/squash-caviar	Q21856516
Canned vegetables	Vegetable pickles	/category/vegetable-pickles	
Vegetable pickles	Mixed vegetable pickles	/category/mixed-vegetable-pickles	Q777487
Mixed vegetable pickles	Acar	/category/acar	Q2141042
Acar	Atjar tjampoer	/category/atjar-tjampoer	
Vegetable pickles	Pickled beets	/category/pickled-beets	
Vegetable pickles	Pickled carrots	/category/pickled-carrots	
Vegetable pickles	Pickled cucumbers	/category/pickled-cucumbers	Q1211297
Pickled cucumbers	Gherkins	/category/gherkins	Q1365891
Gherkins	Extra-fine gherkins	/category/extra-fine-gherkins	
Gherkins	Pickled gherkins	/category/pickled-gherkins	
Gherkins	fr:Cornichons aigres-doux	/category/fr:cornichons-aigres-doux	
Gherkins	fr:Cornichons malossol	/category/fr:cornichons-malossol	
Vegetable pickles	Pickled eggplants	/category/pickled-eggplants	
Vegetable pickles	Pickled garlic	/category/pickled-garlic	
Vegetable pickles	Pickled onions	/category/pickled-onions	
Vegetable pickles	Pickled peppers	/category/pickled-peppers	
Pickled peppers	Pickled guindilla peppers	/category/pickled-guindilla-peppers	
Canned vegetables	fr:Endives en conserve	/category/fr:endives-en-conserve	
Canned vegetables	fr:Haricots beurre en conserve	/category/fr:haricots-beurre-en-conserve	
Canned vegetables	fr:Macédoines de légumes en conserve	/category/fr:macedoines-de-legumes-en-conserve	
Plant-based foods	Cereals and potatoes	/category/cereals-and-potatoes	
Cereals and potatoes	Breads	/category/breads	Q7802
Breads	Baguettes	/category/baguettes	Q208172
Baguettes	fr:Baguettes de tradition française	/category/fr:baguettes-de-tradition-francaise	
Breads	Bread crumbs	/category/bread-crumbs	Q658413
Bread crumbs	Panko	/category/panko	Q1820454
Bread crumbs	Wheat crumbs	/category/wheat-crumbs	
Breads	Breadsticks	/category/breadsticks	Q514467
Breads	Brown breads	/category/brown-breads	Q940999
Breads	Buns	/category/buns	
Breads	Crispbreads	/category/crispbreads	Q251981
Breads	Croutons	/category/croutons	Q1197400
Breads	Flatbreads	/category/flatbreads	Q666242
Flatbreads	Papadum	/category/papadum	Q918148
Flatbreads	Pitas	/category/pitas	Q211340
Flatbreads	Wheat flatbreads	/category/wheat-flatbreads	Q10516678
Breads	Gluten-free breads	/category/gluten-free-breads	
Gluten-free breads	Gluten-free sliced breads	/category/gluten-free-sliced-breads	
Breads	Pains de campagne	/category/pains-de-campagne	Q3360595
Breads	Pre-baked breads	/category/pre-baked-breads	
Breads	Rye-and-wheat breads	/category/rye-and-wheat-breads	
Rye-and-wheat breads	Darnitsky bread	/category/darnitsky-bread	
Breads	Rye breads	/category/rye-breads	Q3893120
Breads	Sliced breads	/category/sliced-breads	Q134152
Sliced breads	English bread without crust	/category/english-bread-without-crust	
Sliced breads	Gluten-free sliced breads	/category/gluten-free-sliced-breads	
Sliced breads	Sliced breads with cereals	/category/sliced-breads-with-cereals	
Sliced breads	Wholemeal English bread	/category/wholemeal-english-bread	
Breads	Special breads	/category/special-breads	
Special breads	Bagel breads	/category/bagel-breads	Q272502
Special breads	English muffins	/category/english-muffins	Q429483
Special breads	Hamburger buns	/category/hamburger-buns	
Special breads	Hot dog buns	/category/hot-dog-buns	Q1047392
Special breads	Naans	/category/naans	Q689950
Special breads	Papadum	/category/papadum	Q918148
Special breads	Pitas	/category/pitas	Q211340
Special breads	es:Regañás	/category/es:reganas	Q6103703
Special breads	fr:Pains Bretzels	/category/fr:pains-bretzels	Q160525
Special breads	fr:Pains Kebab	/category/fr:pains-kebab	
Breads	Toasts	/category/toasts	Q6128
Toasts	Toasted bread rolls	/category/toasted-bread-rolls	
Breads	Ukrainian bread	/category/ukrainian-bread	
Breads	Unleavened breads	/category/unleavened-breads	Q13365777
Unleavened breads	fr:Pains azymes à la farine complète	/category/fr:pains-azymes-a-la-farine-complete	
Unleavened breads	fr:Pains azymes à la farine d'épeautre	/category/fr:pains-azymes-a-la-farine-d-epeautre	
Unleavened breads	fr:Pains azymes à la farine de blé	/category/fr:pains-azymes-a-la-farine-de-ble	
Unleavened breads	fr:Pains azymes à la farine de froment	/category/fr:pains-azymes-a-la-farine-de-froment	
Breads	White breads	/category/white-breads	Q1501889
White breads	Bread white from wheat flour of the highest grade GOST 26987-86	/category/bread-white-from-wheat-flour-of-the-highest-grade-gost-26987-86	
White breads	Wheat breads	/category/wheat-breads	
Wheat breads	Wheat flatbreads	/category/wheat-flatbreads	Q10516678
Breads	Zwieback	/category/zwieback	Q4122049
Zwieback	fr:Biscottes à la farine d'épeautre	/category/fr:biscottes-a-la-farine-d-epeautre	
Zwieback	fr:Biscottes au froment	/category/fr:biscottes-au-froment	
Zwieback	fr:Biscottes aux céréales	/category/fr:biscottes-aux-cereales	
Zwieback	fr:Biscottes complètes	/category/fr:biscottes-completes	
Zwieback	fr:Biscottes multicéréales	/category/fr:biscottes-multicereales	
Zwieback	fr:Biscottes pauvres en sel	/category/fr:biscottes-pauvres-en-sel	
Breads	fr:Pains croustillants	/category/fr:pains-croustillants	
Breads	fr:Pains de tradition française	/category/fr:pains-de-tradition-francaise	
fr:Pains de tradition française	fr:Baguettes de tradition française	/category/fr:baguettes-de-tradition-francaise	
Breads	fr:Pains surgelés	/category/fr:pains-surgeles	
Breads	ru:Хлеб украинский новый	/category/ru:%D1%85%D0%BB%D0%B5%D0%B1-%D1%83%D0%BA%D1%80%D0%B0%D0%B8%D0%BD%D1%81%D0%BA%D0%B8%D0%B9-%D0%BD%D0%BE%D0%B2%D1%8B%D0%B9	
Cereals and potatoes	Canned potatoes	/category/canned-potatoes	
Cereals and potatoes	Cereals and their products	/category/cereals-and-their-products	
Cereals and their products	Breakfast cereals	/category/breakfast-cereals	
Breakfast cereals	Cereal flakes	/category/cereal-flakes	
Cereal flakes	Amaranth flakes	/category/amaranth-flakes	
Cereal flakes	Barley flakes	/category/barley-flakes	
Cereal flakes	Buckwheat flakes	/category/buckwheat-flakes	
Cereal flakes	Corn flakes	/category/corn-flakes	
Cereal flakes	Millet flakes	/category/millet-flakes	
Cereal flakes	Mixed cereal flakes	/category/mixed-cereal-flakes	
Cereal flakes	Oat flakes	/category/oat-flakes	
Cereal flakes	Quinoa flakes	/category/quinoa-flakes	
Cereal flakes	Rice flakes	/category/rice-flakes	
Cereal flakes	Rye flakes	/category/rye-flakes	
Cereal flakes	Teff flakes	/category/teff-flakes	
Cereal flakes	Wheat flakes	/category/wheat-flakes	
Wheat flakes	Khorasan wheat flakes	/category/khorasan-wheat-flakes	
Wheat flakes	Spelt flakes	/category/spelt-flakes	
Cereal flakes	Wild rice flakes	/category/wild-rice-flakes	
Breakfast cereals	Cereals with caramel	/category/cereals-with-caramel	
Breakfast cereals	Cereals with honey	/category/cereals-with-honey	
Breakfast cereals	Chocolate cereals	/category/chocolate-cereals	
Breakfast cereals	Filled cereals	/category/filled-cereals	
Breakfast cereals	Mueslis	/category/mueslis	
Mueslis	Mueslis with chocolate	/category/mueslis-with-chocolate	
Mueslis	Mueslis with fruits	/category/mueslis-with-fruits	
Mueslis	fr:Mueslis aux noix	/category/fr:mueslis-aux-noix	
Breakfast cereals	Puffed cereals	/category/puffed-cereals	
Puffed cereals	Mixed puffed cereals	/category/mixed-puffed-cereals	
Puffed cereals	Puffed barley	/category/puffed-barley	
Puffed cereals	Puffed buckwheat	/category/puffed-buckwheat	
Puffed cereals	Puffed millet	/category/puffed-millet	
Puffed cereals	Puffed oat	/category/puffed-oat	
Puffed cereals	Puffed quinoa	/category/puffed-quinoa	
Puffed cereals	Puffed rice	/category/puffed-rice	
Puffed cereals	Puffed rye	/category/puffed-rye	
Puffed cereals	Puffed wheat	/category/puffed-wheat	
Puffed wheat	Puffed Khorasan wheat	/category/puffed-khorasan-wheat	
Puffed wheat	Puffed spelt	/category/puffed-spelt	
Cereals and their products	Cereal brans	/category/cereal-brans	
Cereal brans	Oat brans	/category/oat-brans	
Cereal brans	Rice brans	/category/rice-brans	
Cereal brans	Rye brans	/category/rye-brans	
Cereal brans	Wheat brans	/category/wheat-brans	
Wheat brans	Khorasan wheat brans	/category/khorasan-wheat-brans	
Wheat brans	Spelt brans	/category/spelt-brans	
Cereals and their products	Cereal butters	/category/cereal-butters	
Cereal butters	Tahini	/category/tahini	Q383389
Tahini	White tahini	/category/white-tahini	
Tahini	fr:Purées de sésame demi-complet	/category/fr:purees-de-sesame-demi-complet	
Cereals and their products	Cereal flours	/category/cereal-flours	
Cereal flours	Barley flours	/category/barley-flours	
Barley flours	Barley malt flours	/category/barley-malt-flours	
Cereal flours	Buckwheat flours	/category/buckwheat-flours	
Buckwheat flours	T110 buckwheat flour	/category/t110-buckwheat-flour	
Buckwheat flours	T150 buckwheat flour	/category/t150-buckwheat-flour	
Buckwheat flours	T80 buckwheat flour	/category/t80-buckwheat-flour	
Cereal flours	Cornmeal	/category/cornmeal	Q837118
Cornmeal	fr:Farines de maïs bleue	/category/fr:farines-de-mais-bleue	
Cornmeal	fr:Masa Harina	/category/fr:masa-harina	
Cereal flours	Flax seed flours	/category/flax-seed-flours	
Cereal flours	Gluten flours	/category/gluten-flours	
Cereal flours	Gofio	/category/gofio	Q1412378
Cereal flours	Malt flours	/category/malt-flours	
Malt flours	Barley malt flours	/category/barley-malt-flours	
Malt flours	Wheat malt flours	/category/wheat-malt-flours	
Cereal flours	Matza flours	/category/matza-flours	
Cereal flours	Meslin flours	/category/meslin-flours	
Cereal flours	Millet flours	/category/millet-flours	
Cereal flours	Oat flours	/category/oat-flours	
Cereal flours	Quinoa flours	/category/quinoa-flours	
Cereal flours	Rice flours	/category/rice-flours	Q1269205
Cereal flours	Rye flours	/category/rye-flours	
Rye flours	de:Roggenbackschrot Type 1800	/category/de:roggenbackschrot-type-1800	
Rye flours	Rye flours Type 1150	/category/rye-flours-type-1150	
Rye flours	Rye flours Type 130	/category/rye-flours-type-130	
Rye flours	Rye flours Type 1370	/category/rye-flours-type-1370	
Rye flours	Rye flours Type 1740	/category/rye-flours-type-1740	
Rye flours	Rye flours Type 815	/category/rye-flours-type-815	
Rye flours	Rye flours Type 997	/category/rye-flours-type-997	
Cereal flours	Stone ground flours	/category/stone-ground-flours	
Cereal flours	Teff flours	/category/teff-flours	
Cereal flours	Wheat flours	/category/wheat-flours	Q2249305
Wheat flours	de:Weizenbackschrot Type 1700	/category/de:weizenbackschrot-type-1700	
Wheat flours	Common wheat flours	/category/common-wheat-flours	
Common wheat flours	Semi-polished common wheat flours	/category/semi-polished-common-wheat-flours	
Common wheat flours	Wheat flour T110	/category/wheat-flour-t110	
Common wheat flours	Wheat flour T45	/category/wheat-flour-t45	
Common wheat flours	Wheat flour T65	/category/wheat-flour-t65	
Common wheat flours	White common wheat flours	/category/white-common-wheat-flours	
Common wheat flours	Whole common wheat flours	/category/whole-common-wheat-flours	
Common wheat flours	fr:Farines de blé variété Camp Rémy	/category/fr:farines-de-ble-variete-camp-remy	
Wheat flours	Durum wheat flours	/category/durum-wheat-flours	
Wheat flours	Einkorn wheat flours	/category/einkorn-wheat-flours	
Einkorn wheat flours	Semi-polished einkorn wheat flours	/category/semi-polished-einkorn-wheat-flours	
Einkorn wheat flours	Small spelt flour T110	/category/small-spelt-flour-t110	
Einkorn wheat flours	Small spelt flour T45	/category/small-spelt-flour-t45	
Einkorn wheat flours	Small spelt flour T65	/category/small-spelt-flour-t65	
Einkorn wheat flours	Small spelt flour T70	/category/small-spelt-flour-t70	
Einkorn wheat flours	White einkorn wheat flours	/category/white-einkorn-wheat-flours	
Einkorn wheat flours	Whole einkorn wheat flours	/category/whole-einkorn-wheat-flours	
Einkorn wheat flours	fr:Farines de petit épeautre de Haute-Provence	/category/fr:farines-de-petit-epeautre-de-haute-provence	
Wheat flours	Emmer wheat flours	/category/emmer-wheat-flours	
Wheat flours	Fermenting flours	/category/fermenting-flours	
Wheat flours	Khorasan wheat flours	/category/khorasan-wheat-flours	
Khorasan wheat flours	White Khorasan wheat flours	/category/white-khorasan-wheat-flours	
Khorasan wheat flours	Whole Khorasan wheat flours	/category/whole-khorasan-wheat-flours	
Khorasan wheat flours	fr:Farines de blé khorasan T110	/category/fr:farines-de-ble-khorasan-t110	
Khorasan wheat flours	fr:Farines de blé khorasan T130	/category/fr:farines-de-ble-khorasan-t130	
Khorasan wheat flours	fr:Farines de blé khorasan T70	/category/fr:farines-de-ble-khorasan-t70	
Wheat flours	Semi-polished wheat flours	/category/semi-polished-wheat-flours	
Semi-polished wheat flours	Semi-polished common wheat flours	/category/semi-polished-common-wheat-flours	
Semi-polished wheat flours	Semi-polished einkorn wheat flours	/category/semi-polished-einkorn-wheat-flours	
Wheat flours	Spelt flours	/category/spelt-flours	
Spelt flours	Spelt flours Type 1050	/category/spelt-flours-type-1050	
Spelt flours	Spelt flours Type 630	/category/spelt-flours-type-630	
Spelt flours	Spelt flours Type 812	/category/spelt-flours-type-812	
Spelt flours	T110 Spelt flours	/category/t110-spelt-flours	
Spelt flours	T65 Spelt flours	/category/t65-spelt-flours	
Spelt flours	White spelt flours	/category/white-spelt-flours	
Spelt flours	Whole spelt flours	/category/whole-spelt-flours	
Wheat flours	Wheat bread flour	/category/wheat-bread-flour	Q27876877
Wheat bread flour	ru:Мука пшеничная хлебопекарная высший сорт	/category/ru:%D0%BC%D1%83%D0%BA%D0%B0-%D0%BF%D1%88%D0%B5%D0%BD%D0%B8%D1%87%D0%BD%D0%B0%D1%8F-%D1%85%D0%BB%D0%B5%D0%B1%D0%BE%D0%BF%D0%B5%D0%BA%D0%B0%D1%80%D0%BD%D0%B0%D1%8F-%D0%B2%D1%8B%D1%81%D1%88%D0%B8%D0%B9-%D1%81%D0%BE%D1%80%D1%82	Q27877006
Wheat flours	Wheat flour T405	/category/wheat-flour-t405	
Wheat flour T405	Small spelt flour T45	/category/small-spelt-flour-t45	
Wheat flour T405	Wheat flour T45	/category/wheat-flour-t45	
Wheat flour T405	fr:Farines de gruau type 45	/category/fr:farines-de-gruau-type-45	
Wheat flours	Wheat malt flours	/category/wheat-malt-flours	
Wheat flours	White wheat flours	/category/white-wheat-flours	
White wheat flours	White common wheat flours	/category/white-common-wheat-flours	
White wheat flours	White einkorn wheat flours	/category/white-einkorn-wheat-flours	
White wheat flours	White Khorasan wheat flours	/category/white-khorasan-wheat-flours	
White wheat flours	White spelt flours	/category/white-spelt-flours	
White wheat flours	fr:Farines type Gruau 55	/category/fr:farines-type-gruau-55	
Wheat flours	Whole wheat flours	/category/whole-wheat-flours	
Whole wheat flours	Whole common wheat flours	/category/whole-common-wheat-flours	
Whole wheat flours	Whole einkorn wheat flours	/category/whole-einkorn-wheat-flours	
Whole wheat flours	Whole Khorasan wheat flours	/category/whole-khorasan-wheat-flours	
Whole wheat flours	Whole spelt flours	/category/whole-spelt-flours	
Wheat flours	fr:Farines de blé type T110	/category/fr:farines-de-ble-type-t110	
fr:Farines de blé type T110	Small spelt flour T110	/category/small-spelt-flour-t110	
fr:Farines de blé type T110	T110 Spelt flours	/category/t110-spelt-flours	
fr:Farines de blé type T110	Wheat flour T110	/category/wheat-flour-t110	
fr:Farines de blé type T110	fr:Farines de blé khorasan T110	/category/fr:farines-de-ble-khorasan-t110	
Wheat flours	fr:Farines de blé type T65	/category/fr:farines-de-ble-type-t65	
fr:Farines de blé type T65	Small spelt flour T65	/category/small-spelt-flour-t65	
fr:Farines de blé type T65	T65 Spelt flours	/category/t65-spelt-flours	
fr:Farines de blé type T65	Wheat flour T65	/category/wheat-flour-t65	
Wheat flours	fr:Farines de blé type T70	/category/fr:farines-de-ble-type-t70	
fr:Farines de blé type T70	Small spelt flour T70	/category/small-spelt-flour-t70	
fr:Farines de blé type T70	fr:Farines de blé khorasan T70	/category/fr:farines-de-ble-khorasan-t70	
Wheat flours	fr:Farines de gruau	/category/fr:farines-de-gruau	
fr:Farines de gruau	fr:Farines de gruau type 45	/category/fr:farines-de-gruau-type-45	
fr:Farines de gruau	fr:Farines type Gruau 55	/category/fr:farines-type-gruau-55	
Cereals and their products	Cereal germs	/category/cereal-germs	Q1641345
Cereal germs	Corn germ	/category/corn-germ	
Cereal germs	Wheat germ	/category/wheat-germ	
Cereals and their products	Cereal grains	/category/cereal-grains	
Cereal grains	Amaranth	/category/amaranth	Q156344
Cereal grains	Avena	/category/avena	Q146760
Avena	Oat	/category/oat	Q12104
Cereal grains	Barley	/category/barley	Q11577
Barley	Winter barley	/category/winter-barley	Q3057987
Cereal grains	Buckwheat	/category/buckwheat	Q132734
Buckwheat	Buckwheat groats	/category/buckwheat-groats	
Cereal grains	Canary grass	/category/canary-grass	Q2086586
Cereal grains	Chia	/category/chia	Q1071585
Cereal grains	Coix	/category/coix	Q1186042
Coix	Job's Tears	/category/job-s-tears	Q827098
Cereal grains	Corn	/category/corn	Q11575
Corn	Sweet corn	/category/sweet-corn	Q18966
Cereal grains	Corn on the cob	/category/corn-on-the-cob	
Corn on the cob	Frozen corn on the cob	/category/frozen-corn-on-the-cob	
Cereal grains	Crabgrass	/category/crabgrass	Q163915
Crabgrass	Digitaria cruciata	/category/digitaria-cruciata	Q3027824
Crabgrass	Digitaria iburua	/category/digitaria-iburua	Q1341123
Crabgrass	Fonio	/category/fonio	Q1340738
Crabgrass	Hairy crabgrass	/category/hairy-crabgrass	Q158994
Cereal grains	Flax seeds	/category/flax-seeds	Q45108
Flax seeds	Brown flax seeds	/category/brown-flax-seeds	
Brown flax seeds	Ground brown flax seeds	/category/ground-brown-flax-seeds	
Flax seeds	Gold flax seeds	/category/gold-flax-seeds	
Gold flax seeds	Ground gold flax seeds	/category/ground-gold-flax-seeds	
Flax seeds	Ground flax seeds	/category/ground-flax-seeds	
Ground flax seeds	Ground brown flax seeds	/category/ground-brown-flax-seeds	
Ground flax seeds	Ground gold flax seeds	/category/ground-gold-flax-seeds	
Cereal grains	Meslin	/category/meslin	Q3333504
Cereal grains	Millet	/category/millet	Q259438
Millet	Pearl millet	/category/pearl-millet	Q654332
Millet	Proso millet	/category/proso-millet	Q165196
Cereal grains	Quinoa	/category/quinoa	Q139925
Quinoa	Red quinoa	/category/red-quinoa	
Cereal grains	Rices	/category/rices	Q161426
Rices	Aromatic rices	/category/aromatic-rices	Q4795514
Aromatic rices	Basmati rices	/category/basmati-rices	Q1649635
Basmati rices	Brown Basmati rices	/category/brown-basmati-rices	
Basmati rices	White Basmati rices	/category/white-basmati-rices	
Aromatic rices	Jasmine rice	/category/jasmine-rice	Q2733021
Jasmine rice	Brown Jasmine rices	/category/brown-jasmine-rices	
Jasmine rice	White Jasmine rices	/category/white-jasmine-rices	
Rices	Brown rices	/category/brown-rices	Q1066624
Brown rices	Brown Basmati rices	/category/brown-basmati-rices	
Brown rices	Brown Jasmine rices	/category/brown-jasmine-rices	
Rices	Camargue rices	/category/camargue-rices	Q18745430
Rices	Glutinous rices	/category/glutinous-rices	Q115443
Rices	Indica rices	/category/indica-rices	Q5360953
Indica rices	Tahibonet rices	/category/tahibonet-rices	
Rices	Japonica rices	/category/japonica-rices	
Japonica rices	Arborio rices	/category/arborio-rices	Q2615884
Japonica rices	Bahía rices	/category/bahia-rices	Q5706293
Japonica rices	Balilla x Sollana rices	/category/balilla-x-sollana-rices	
Japonica rices	Bomba rices	/category/bomba-rices	Q5706296
Japonica rices	Carnaroli rices	/category/carnaroli-rices	Q1043890
Japonica rices	Koshihikari rices	/category/koshihikari-rices	Q1204670
Japonica rices	Sénia rices	/category/senia-rices	Q5706352
Japonica rices	Vialone Nano rices	/category/vialone-nano-rices	Q3937029
Rices	Long grain rices	/category/long-grain-rices	
Long grain rices	Tahibonet rices	/category/tahibonet-rices	
Rices	Medium grain rices	/category/medium-grain-rices	
Medium grain rices	Bahía rices	/category/bahia-rices	Q5706293
Medium grain rices	Carnaroli rices	/category/carnaroli-rices	Q1043890
Medium grain rices	Sénia rices	/category/senia-rices	Q5706352
Medium grain rices	Vialone Nano rices	/category/vialone-nano-rices	Q3937029
Rices	Mixed rices	/category/mixed-rices	
Rices	Paddy rices	/category/paddy-rices	
Rices	Parboiled rices	/category/parboiled-rices	Q732925
Rices	Rices for paella	/category/rices-for-paella	
Rices for paella	Bahía rices	/category/bahia-rices	Q5706293
Rices for paella	Balilla x Sollana rices	/category/balilla-x-sollana-rices	
Rices for paella	Bomba rices	/category/bomba-rices	Q5706296
Rices for paella	Sénia rices	/category/senia-rices	Q5706352
Rices	Rices for risotto	/category/rices-for-risotto	
Rices for risotto	Arborio rices	/category/arborio-rices	Q2615884
Rices for risotto	Carnaroli rices	/category/carnaroli-rices	Q1043890
Rices for risotto	Vialone Nano rices	/category/vialone-nano-rices	Q3937029
Rices	Short grain rices	/category/short-grain-rices	
Short grain rices	Arborio rices	/category/arborio-rices	Q2615884
Short grain rices	Balilla x Sollana rices	/category/balilla-x-sollana-rices	
Short grain rices	Bomba rices	/category/bomba-rices	Q5706296
Short grain rices	Koshihikari rices	/category/koshihikari-rices	Q1204670
Rices	Surinam rices	/category/surinam-rices	
Rices	Sushi rice	/category/sushi-rice	
Sushi rice	Koshihikari rices	/category/koshihikari-rices	Q1204670
Rices	White rices	/category/white-rices	Q2674257
White rices	White Basmati rices	/category/white-basmati-rices	
White rices	White Jasmine rices	/category/white-jasmine-rices	
Cereal grains	Secale	/category/secale	Q7215110
Secale	Rye	/category/rye	Q12099
Cereal grains	Sesame	/category/sesame	Q2763698
Sesame	Raw sesame	/category/raw-sesame	
Sesame	Toasted sesame	/category/toasted-sesame	
Cereal grains	Sorghum	/category/sorghum	Q12111
Cereal grains	Teff	/category/teff	Q843942
Cereal grains	Triticale	/category/triticale	Q380329
Cereal grains	Wheats	/category/wheats	Q12106
Wheats	Common wheats	/category/common-wheats	Q161098
Common wheats	Norin 10 wheats	/category/norin-10-wheats	Q2907437
Wheats	Durum wheats	/category/durum-wheats	Q618324
Wheats	Einkorn wheats	/category/einkorn-wheats	Q161397
Wheats	Emmer wheats	/category/emmer-wheats	Q167339
Wheats	Khorasan wheats	/category/khorasan-wheats	Q11163068
Wheats	Spelts	/category/spelts	Q158767
Cereal grains	Wild rice	/category/wild-rice	Q831681
Cereals and their products	Cereal oils	/category/cereal-oils	
Cereal oils	Amaranth oils	/category/amaranth-oils	Q4740149
Cereal oils	Corn oils	/category/corn-oils	Q856775
Cereal oils	Linseed oils	/category/linseed-oils	Q818405
Cereal oils	Rice bran oils	/category/rice-bran-oils	Q175933
Cereal oils	Sesame oils	/category/sesame-oils	Q212317
Cereal oils	Wheat germ oils	/category/wheat-germ-oils	Q720761
Cereals and their products	Cereal semolinas	/category/cereal-semolinas	Q381350
Cereal semolinas	Corn semolinas	/category/corn-semolinas	
Corn semolinas	Corn semolinas for polenta	/category/corn-semolinas-for-polenta	
Cereal semolinas	Rice semolinas	/category/rice-semolinas	
Cereal semolinas	Wheat semolinas	/category/wheat-semolinas	
Wheat semolinas	Durum wheat semolinas	/category/durum-wheat-semolinas	Q381350
Durum wheat semolinas	Durum wheat semolinas for couscous	/category/durum-wheat-semolinas-for-couscous	
Wheat semolinas	Soft wheat semolinas	/category/soft-wheat-semolinas	Q3505415
Cereals and their products	Cereal starches	/category/cereal-starches	
Cereal starches	Corn starch	/category/corn-starch	Q3393961
Cereal starches	Rice starch	/category/rice-starch	
Cereal starches	Wheat starch	/category/wheat-starch	
Cereals and their products	Cereal syrups	/category/cereal-syrups	
Cereal syrups	Barley malt syrup	/category/barley-malt-syrup	Q3485291
Cereal syrups	Brown rice syrups	/category/brown-rice-syrups	Q3485298
Cereal syrups	Corn syrups	/category/corn-syrups	Q618739
Cereal syrups	High fructose corn syrups	/category/high-fructose-corn-syrups	Q11422173
Cereal syrups	Quinoa syrups	/category/quinoa-syrups	
Cereal syrups	Wheat syrups	/category/wheat-syrups	
Wheat syrups	Spelt syrups	/category/spelt-syrups	
Cereals and their products	Frozen cereals	/category/frozen-cereals	
Frozen cereals	Frozen corn	/category/frozen-corn	
Frozen corn	Frozen corn kernels	/category/frozen-corn-kernels	
Frozen corn	Frozen corn on the cob	/category/frozen-corn-on-the-cob	
Frozen cereals	Frozen pre-cooked rice	/category/frozen-pre-cooked-rice	
Cereals and their products	Gnocchi of durum wheat semolina	/category/gnocchi-of-durum-wheat-semolina	
Cereals and their products	Groats	/category/groats	Q1436715
Groats	Buckwheat groats	/category/buckwheat-groats	
Groats	Millet groats	/category/millet-groats	
Groats	Oat groats	/category/oat-groats	
Groats	Rye groats	/category/rye-groats	
Groats	Wheat groats	/category/wheat-groats	
Wheat groats	Bulgur	/category/bulgur	Q250432
Wheat groats	Durum wheat groats	/category/durum-wheat-groats	
Cereals and their products	Noodles	/category/noodles	Q192874
Noodles	Cellophane noodles	/category/cellophane-noodles	Q840448
Noodles	Chinese noodles	/category/chinese-noodles	Q2723400
Chinese noodles	Chinese egg noodles	/category/chinese-egg-noodles	
Noodles	Egg noodles	/category/egg-noodles	
Egg noodles	Egg spaghetti	/category/egg-spaghetti	
Egg noodles	Egg tagliatelle	/category/egg-tagliatelle	
Noodles	Instant noodles	/category/instant-noodles	Q1051265
Instant noodles	Instant noodle soups	/category/instant-noodle-soups	
Noodles	Rice vermicelli	/category/rice-vermicelli	Q716004
Noodles	Whole Wheat Noodles	/category/whole-wheat-noodles	
Cereals and their products	Pastas	/category/pastas	Q178
Pastas	Barley Pasta	/category/barley-pasta	
Pastas	Buckwheat pasta	/category/buckwheat-pasta	
Pastas	Corn pasta	/category/corn-pasta	
Pastas	Dry pasta	/category/dry-pasta	
Dry pasta	Dry egg pastas	/category/dry-egg-pastas	
Dry pasta	Durum wheat pasta	/category/durum-wheat-pasta	
Durum wheat pasta	Durum wheat letters	/category/durum-wheat-letters	
Durum wheat pasta	Durum wheat macaroni	/category/durum-wheat-macaroni	
Durum wheat pasta	Durum wheat noodles	/category/durum-wheat-noodles	
Durum wheat pasta	Durum wheat pasta vysshiy sort GOST	/category/durum-wheat-pasta-vysshiy-sort-gost	
Durum wheat pasta	Durum wheat pasta with egg	/category/durum-wheat-pasta-with-egg	
Durum wheat pasta	Durum wheat penne	/category/durum-wheat-penne	
Durum wheat pasta	Durum wheat plates for cannelloni	/category/durum-wheat-plates-for-cannelloni	
Durum wheat pasta	Durum wheat plates for lasagna	/category/durum-wheat-plates-for-lasagna	
Durum wheat pasta	Durum wheat spaghetti	/category/durum-wheat-spaghetti	
Durum wheat pasta	Spirals of durum wheat	/category/spirals-of-durum-wheat	
Durum wheat pasta	es:Estrellas de trigo duro	/category/es:estrellas-de-trigo-duro	
Durum wheat pasta	es:Farfalle de trigo duro	/category/es:farfalle-de-trigo-duro	
Durum wheat pasta	es:Fideos de trigo duro	/category/es:fideos-de-trigo-duro	
Durum wheat pasta	es:Fideuá de trigo duro	/category/es:fideua-de-trigo-duro	
Durum wheat pasta	es:Fusilli	/category/es:fusilli	
Durum wheat pasta	fr:Coquillettes de blé dur	/category/fr:coquillettes-de-ble-dur	
Durum wheat pasta	fr:Spaghetti au blé dur complet	/category/fr:spaghetti-au-ble-dur-complet	
Durum wheat pasta	fr:Torsades de blé dur	/category/fr:torsades-de-ble-dur	
Dry pasta	Flavored and colored dry pastas	/category/flavored-and-colored-dry-pastas	
Pastas	Egg pastas	/category/egg-pastas	
Egg pastas	Dry egg pastas	/category/dry-egg-pastas	
Pastas	Fresh pasta	/category/fresh-pasta	
Fresh pasta	fr:Ravioli frais	/category/fr:ravioli-frais	
Fresh pasta	fr:Tagliatelles fraîches	/category/fr:tagliatelles-fraiches	Q20044
Pastas	Gluten-free pasta	/category/gluten-free-pasta	
Pastas	Kamut pasta	/category/kamut-pasta	
Pastas	Oat pasta	/category/oat-pasta	
Pastas	Penne rigate	/category/penne-rigate	
Pastas	Rice pasta	/category/rice-pasta	
Pastas	Rye Pasta	/category/rye-pasta	
Pastas	Soba	/category/soba	Q753910
Pastas	Spaghetti	/category/spaghetti	Q20026
Spaghetti	Durum wheat spaghetti	/category/durum-wheat-spaghetti	
Spaghetti	Whole wheat spaghetti	/category/whole-wheat-spaghetti	
Whole wheat spaghetti	fr:Spaghetti au blé dur complet	/category/fr:spaghetti-au-ble-dur-complet	
Spaghetti	fr:Spaghetti au petit épeautre	/category/fr:spaghetti-au-petit-epeautre	
Pastas	Spelt pastas	/category/spelt-pastas	
Spelt pastas	fr:Pâtes d'épeautre complètes ou semi-complètes	/category/fr:pates-d-epeautre-completes-ou-semi-completes	
Pastas	Tagliatelle	/category/tagliatelle	Q20044
Tagliatelle	fr:Tagliatelles fraîches	/category/fr:tagliatelles-fraiches	Q20044
Pastas	Udon	/category/udon	Q471861
Pastas	Wheat pasta	/category/wheat-pasta	
Wheat pasta	es:Pastas de trigo duro integrales o semi-integrales	/category/es:pastas-de-trigo-duro-integrales-o-semi-integrales	
es:Pastas de trigo duro integrales o semi-integrales	Durum wheat farfalle integral or semi-integral	/category/durum-wheat-farfalle-integral-or-semi-integral	
es:Pastas de trigo duro integrales o semi-integrales	Durum wheat letters integral or semi-integral	/category/durum-wheat-letters-integral-or-semi-integral	
es:Pastas de trigo duro integrales o semi-integrales	Whole or semi-integral durum wheat spaghetti	/category/whole-or-semi-integral-durum-wheat-spaghetti	
es:Pastas de trigo duro integrales o semi-integrales	Whole or semi-integral durum wheat spaghetti spirals	/category/whole-or-semi-integral-durum-wheat-spaghetti-spirals	
es:Pastas de trigo duro integrales o semi-integrales	Whole or semi-integral durum wheat spaghetti stars	/category/whole-or-semi-integral-durum-wheat-spaghetti-stars	
es:Pastas de trigo duro integrales o semi-integrales	es:Fideos de trigo duro integrales o semi-integrales	/category/es:fideos-de-trigo-duro-integrales-o-semi-integrales	
es:Pastas de trigo duro integrales o semi-integrales	es:Fideuá de trigo duro integrales o semi-integrales	/category/es:fideua-de-trigo-duro-integrales-o-semi-integrales	
es:Pastas de trigo duro integrales o semi-integrales	es:Hélices de trigo duro integrales o semi-integrales	/category/es:helices-de-trigo-duro-integrales-o-semi-integrales	
es:Pastas de trigo duro integrales o semi-integrales	es:Macarrones de trigo duro integrales o semi-integrales	/category/es:macarrones-de-trigo-duro-integrales-o-semi-integrales	
es:Pastas de trigo duro integrales o semi-integrales	es:Otras pastas de trigo duro integrales integrales o semi-integrales	/category/es:otras-pastas-de-trigo-duro-integrales-integrales-o-semi-integrales	
es:Pastas de trigo duro integrales o semi-integrales	es:Placas de trigo duro para canelones integrales o semi-integrales	/category/es:placas-de-trigo-duro-para-canelones-integrales-o-semi-integrales	
es:Pastas de trigo duro integrales o semi-integrales	es:Placas de trigo duro para lasaña integrales o semi-integrales	/category/es:placas-de-trigo-duro-para-lasana-integrales-o-semi-integrales	
es:Pastas de trigo duro integrales o semi-integrales	es:Plumas de trigo duro integrales o semi-integrales	/category/es:plumas-de-trigo-duro-integrales-o-semi-integrales	
es:Pastas de trigo duro integrales o semi-integrales	es:Tallarines de trigo duro integrales o semi-integrales	/category/es:tallarines-de-trigo-duro-integrales-o-semi-integrales	
Pastas	fr:Coquillettes	/category/fr:coquillettes	Q2996948
fr:Coquillettes	fr:Coquillettes de blé dur	/category/fr:coquillettes-de-ble-dur	
Pastas	fr:Crozets	/category/fr:crozets	
Pastas	fr:Lasagnes à garnir	/category/fr:lasagnes-a-garnir	
Pastas	fr:Pâtes d'Alsace	/category/fr:pates-d-alsace	
Pastas	fr:Pâtes de petit épeautre	/category/fr:pates-de-petit-epeautre	
Pastas	fr:Torti	/category/fr:torti	
Cereals and their products	Pie dough	/category/pie-dough	
Pie dough	Puff pastry sheets	/category/puff-pastry-sheets	
Pie dough	fr:Pâtes brisées	/category/fr:pates-brisees	
Pie dough	fr:Pâtes sablées	/category/fr:pates-sablees	
Cereals and their products	Powdered cereal milks	/category/powdered-cereal-milks	
Powdered cereal milks	Powdered amaranth milks	/category/powdered-amaranth-milks	
Powdered cereal milks	Powdered millet milks	/category/powdered-millet-milks	
Powdered cereal milks	Powdered oat milks	/category/powdered-oat-milks	
Powdered cereal milks	Powdered quinoa milks	/category/powdered-quinoa-milks	
Powdered cereal milks	Powdered rice milks	/category/powdered-rice-milks	
Powdered cereal milks	Powdered sesame milks	/category/powdered-sesame-milks	
Powdered cereal milks	Powdered teff milks	/category/powdered-teff-milks	
Powdered cereal milks	Powdered wheat milks	/category/powdered-wheat-milks	
Powdered wheat milks	Powdered Khorasan wheat milks	/category/powdered-khorasan-wheat-milks	
Powdered wheat milks	Powdered spelt milks	/category/powdered-spelt-milks	
Cereals and their products	Precooked rices	/category/precooked-rices	Q6038850
Cereals and their products	Puffed cereal cakes	/category/puffed-cereal-cakes	
Puffed cereal cakes	Puffed corn cakes	/category/puffed-corn-cakes	
Puffed cereal cakes	Puffed corn cakes with black chocolate	/category/puffed-corn-cakes-with-black-chocolate	
Puffed cereal cakes	Puffed corn cakes with milk chocolate	/category/puffed-corn-cakes-with-milk-chocolate	
Puffed cereal cakes	Puffed multigrain cakes	/category/puffed-multigrain-cakes	
Puffed cereal cakes	Puffed oat cakes	/category/puffed-oat-cakes	
Puffed cereal cakes	Puffed rice cakes	/category/puffed-rice-cakes	
Puffed rice cakes	Puffed rice cakes with black chocolate	/category/puffed-rice-cakes-with-black-chocolate	
Puffed rice cakes	Puffed rice cakes with milk chocolate	/category/puffed-rice-cakes-with-milk-chocolate	
Puffed rice cakes	Puffed rice cakes with white chocolate	/category/puffed-rice-cakes-with-white-chocolate	
Puffed rice cakes	Puffed wholegrain rice cakes	/category/puffed-wholegrain-rice-cakes	
Puffed cereal cakes	Puffed wheat cakes	/category/puffed-wheat-cakes	
Puffed wheat cakes	Puffed Khorasan wheat cakes	/category/puffed-khorasan-wheat-cakes	
Puffed wheat cakes	Puffed spelt cakes	/category/puffed-spelt-cakes	
Cereals and their products	Seitan	/category/seitan	Q943935
Cereals and potatoes	Frozen potatoes	/category/frozen-potatoes	
Cereals and potatoes	Gnocchi	/category/gnocchi	
Gnocchi	Gnocchi of durum wheat semolina	/category/gnocchi-of-durum-wheat-semolina	
Gnocchi	Potato gnocchi	/category/potato-gnocchi	
Cereals and potatoes	Instant mashed potatoes	/category/instant-mashed-potatoes	Q3411001
Cereals and potatoes	Mashed potatoes	/category/mashed-potatoes	
Mashed potatoes	Instant mashed potatoes	/category/instant-mashed-potatoes	Q3411001
Cereals and potatoes	Potato crisps	/category/potato-crisps	Q173265
Potato crisps	Crisps of red potatoes	/category/crisps-of-red-potatoes	
Potato crisps	Farmer's crisps	/category/farmer-s-crisps	
Potato crisps	Flavoured potato crisps	/category/flavoured-potato-crisps	
Flavoured potato crisps	Barbecue crisps	/category/barbecue-crisps	
Flavoured potato crisps	Bolognese crisps	/category/bolognese-crisps	
Flavoured potato crisps	Cheddar and onion crisps	/category/cheddar-and-onion-crisps	
Flavoured potato crisps	Cheese and onion crisps	/category/cheese-and-onion-crisps	
Cheese and onion crisps	Cheddar and onion crisps	/category/cheddar-and-onion-crisps	
Flavoured potato crisps	Ketchup crisps	/category/ketchup-crisps	
Flavoured potato crisps	Paprika crisps	/category/paprika-crisps	
Flavoured potato crisps	Prawn cocktail crisps	/category/prawn-cocktail-crisps	
Flavoured potato crisps	Roasted chicken and thyme crisps	/category/roasted-chicken-and-thyme-crisps	
Flavoured potato crisps	Salt and pepper crisps	/category/salt-and-pepper-crisps	
Flavoured potato crisps	Sour cream and sweet chilli crisps	/category/sour-cream-and-sweet-chilli-crisps	
Flavoured potato crisps	fr:Chips à la moutarde	/category/fr:chips-a-la-moutarde	
Potato crisps	Light potato crisps	/category/light-potato-crisps	
Potato crisps	Old-fashioned crisps	/category/old-fashioned-crisps	
Potato crisps	Potato crisps in olive oil	/category/potato-crisps-in-olive-oil	
Potato crisps	Potato crisps in sunflower oil	/category/potato-crisps-in-sunflower-oil	
Potato crisps	Salt and vinegar crisps	/category/salt-and-vinegar-crisps	
Salt and vinegar crisps	Salt and malt vinegar crisps	/category/salt-and-malt-vinegar-crisps	
Cereals and potatoes	Potatoes	/category/potatoes	
Potatoes	Agata potatoes	/category/agata-potatoes	Q373973
Potatoes	Charlotte potatoes	/category/charlotte-potatoes	Q1067085
Potatoes	fr:Pommes de terre Béa	/category/fr:pommes-de-terre-bea	Q2929373
fr:Pommes de terre Béa	fr:Béa du Roussillon	/category/fr:bea-du-roussillon	Q2929377
Potatoes	fr:Pommes de terre catégorie 1	/category/fr:pommes-de-terre-categorie-1	
Potatoes	fr:Pommes de terre de l'île de Ré	/category/fr:pommes-de-terre-de-l-ile-de-re	Q3395977
fr:Pommes de terre de l'île de Ré	fr:Pommes de terre AOC	/category/fr:pommes-de-terre-aoc	
fr:Pommes de terre de l'île de Ré	fr:Pommes de terre primeurs	/category/fr:pommes-de-terre-primeurs	
Potatoes	fr:Pommes de terre labellisées	/category/fr:pommes-de-terre-labellisees	
fr:Pommes de terre labellisées	fr:Pommes de terre AOC	/category/fr:pommes-de-terre-aoc	
Plant-based foods	Coffees	/category/coffees	Q8486
Coffees	Coffee beans	/category/coffee-beans	Q153697
Coffee beans	Roasted coffee beans	/category/roasted-coffee-beans	
Coffees	Coffee capsules	/category/coffee-capsules	
Coffee capsules	Dolce Gusto-compatible coffee capsules	/category/dolce-gusto-compatible-coffee-capsules	
Coffee capsules	Nespresso-compatible coffee capsules	/category/nespresso-compatible-coffee-capsules	
Coffee capsules	Senseo-compatible coffee capsules	/category/senseo-compatible-coffee-capsules	
Coffee capsules	Tassimo-compatible coffee capsules	/category/tassimo-compatible-coffee-capsules	
Coffees	Decaffeinated coffees	/category/decaffeinated-coffees	
Decaffeinated coffees	Decaffeinated coffee capsules	/category/decaffeinated-coffee-capsules	
Decaffeinated coffees	Decaffeinated instant coffees	/category/decaffeinated-instant-coffees	
Coffees	Ground coffees	/category/ground-coffees	
Coffees	Instant coffees	/category/instant-coffees	Q858049
Instant coffees	Decaffeinated instant coffees	/category/decaffeinated-instant-coffees	
Instant coffees	Freeze-dried instant coffees	/category/freeze-dried-instant-coffees	
Coffees	Torrefacto coffees	/category/torrefacto-coffees	Q1357168
Plant-based foods	Coriander products	/category/coriander-products	Q41611
Coriander products	Coriander leaves	/category/coriander-leaves	
Coriander leaves	Fresh coriander leaves	/category/fresh-coriander-leaves	
Coriander leaves	Ground dried coriander leaves	/category/ground-dried-coriander-leaves	
Coriander leaves	Potted coriander	/category/potted-coriander	
Coriander products	Coriander seeds	/category/coriander-seeds	
Plant-based foods	Culinary plants	/category/culinary-plants	
Culinary plants	Aromatic plants	/category/aromatic-plants	
Aromatic plants	Aromatic herbs	/category/aromatic-herbs	Q207123
Aromatic herbs	Basil	/category/basil	Q38859
Basil	Fresh basil	/category/fresh-basil	
Basil	Frozen basil	/category/frozen-basil	
Basil	Ground dried basil	/category/ground-dried-basil	
Basil	Potted basil	/category/potted-basil	
Aromatic herbs	Chives	/category/chives	Q51148
Chives	Fresh chives	/category/fresh-chives	
Chives	Frozen chives	/category/frozen-chives	
Chives	Ground dried chives	/category/ground-dried-chives	
Chives	Lyophilized Chives	/category/lyophilized-chives	
Chives	Potted chives	/category/potted-chives	
Aromatic herbs	Dill	/category/dill	Q26686
Dill	Fresh dill	/category/fresh-dill	
Dill	Frozen dill	/category/frozen-dill	
Dill	Ground dried dill	/category/ground-dried-dill	
Aromatic herbs	Fennel leaves	/category/fennel-leaves	
Aromatic herbs	Fenugreek leaves	/category/fenugreek-leaves	
Fenugreek leaves	Fresh fenugreek leaves	/category/fresh-fenugreek-leaves	
Fenugreek leaves	Ground dried fenugreek leaves	/category/ground-dried-fenugreek-leaves	
Aromatic herbs	Garden chervil leaves	/category/garden-chervil-leaves	
Aromatic herbs	Hyssop	/category/hyssop	Q137931
Aromatic herbs	Marjoram	/category/marjoram	Q22694
Aromatic herbs	Mint	/category/mint	Q47859
Mint	Fresh mint	/category/fresh-mint	
Fresh mint	Fresh spearmint	/category/fresh-spearmint	
Mint	Frozen mint	/category/frozen-mint	
Frozen mint	Frozen spearmint	/category/frozen-spearmint	
Mint	Ground dried mint	/category/ground-dried-mint	
Ground dried mint	Ground dried spearmint	/category/ground-dried-spearmint	
Mint	Pennyroyal	/category/pennyroyal	Q161235
Mint	Peppermint	/category/peppermint	Q156037
Mint	Potted mint	/category/potted-mint	
Potted mint	Potted spearmint	/category/potted-spearmint	
Mint	Spearmint	/category/spearmint	Q160114
Spearmint	Fresh spearmint	/category/fresh-spearmint	
Spearmint	Frozen spearmint	/category/frozen-spearmint	
Spearmint	Ground dried spearmint	/category/ground-dried-spearmint	
Spearmint	Potted spearmint	/category/potted-spearmint	
Aromatic herbs	Oregano	/category/oregano	Q134283
Oregano	Fresh oregano	/category/fresh-oregano	
Oregano	Ground dried oregano	/category/ground-dried-oregano	
Oregano	Potted oregano	/category/potted-oregano	
Aromatic herbs	Parsley	/category/parsley	Q25284
Parsley	Fresh parsley	/category/fresh-parsley	
Parsley	Frozen parsley	/category/frozen-parsley	
Parsley	Ground dried parsley	/category/ground-dried-parsley	
Parsley	Lyophilized parsley	/category/lyophilized-parsley	
Parsley	Potted parsley	/category/potted-parsley	
Aromatic herbs	Rosemary	/category/rosemary	Q122679
Rosemary	Fresh rosemary	/category/fresh-rosemary	
Rosemary	Ground dried rosemary	/category/ground-dried-rosemary	
Rosemary	Potted rosemary	/category/potted-rosemary	
Aromatic herbs	Sage	/category/sage	Q1111359
Sage	Ground dried sage	/category/ground-dried-sage	
Aromatic herbs	Tarragon	/category/tarragon	Q155814
Tarragon	Fresh tarragon	/category/fresh-tarragon	
Tarragon	Ground dried tarragon	/category/ground-dried-tarragon	
Aromatic herbs	Thyme	/category/thyme	Q148668
Thyme	Fresh thyme	/category/fresh-thyme	
Thyme	Ground dried thyme	/category/ground-dried-thyme	
Aromatic plants	Bay laurel	/category/bay-laurel	Q26006
Bay laurel	Dried bay laurel	/category/dried-bay-laurel	
Bay laurel	Fresh bay laurel	/category/fresh-bay-laurel	
Bay laurel	Ground dried bay laurel	/category/ground-dried-bay-laurel	
Aromatic plants	Dried aromatic plants	/category/dried-aromatic-plants	
Dried aromatic plants	Dried bay laurel	/category/dried-bay-laurel	
Dried aromatic plants	Dried bouquet garni	/category/dried-bouquet-garni	
Aromatic plants	Fresh aromatic plants	/category/fresh-aromatic-plants	
Fresh aromatic plants	Fresh basil	/category/fresh-basil	
Fresh aromatic plants	Fresh bay laurel	/category/fresh-bay-laurel	
Fresh aromatic plants	Fresh bouquet garni	/category/fresh-bouquet-garni	
Fresh aromatic plants	Fresh chives	/category/fresh-chives	
Fresh aromatic plants	Fresh coriander leaves	/category/fresh-coriander-leaves	
French cheeses	fr:Charolais	/category/fr:charolais	
French cheeses	fr:Chevrotins	/category/fr:chevrotins	
French cheeses	fr:Comté	/category/fr:comte	
French cheeses	fr:Coulommiers	/category/fr:coulommiers	Q774297
French cheeses	fr:Crottins de Chavignol	/category/fr:crottins-de-chavignol	Q249873
French cheeses	fr:Fourme d'Ambert	/category/fr:fourme-d-ambert	Q1245530
French cheeses	fr:Fourme de Montbrison	/category/fr:fourme-de-montbrison	Q1245441
French cheeses	fr:Fromages du Nord-Pas-de-Calais	/category/fr:fromages-du-nord-pas-de-calais	
French cheeses	fr:Laguiole	/category/fr:laguiole	
French cheeses	fr:Langres	/category/fr:langres	
French cheeses	fr:Livarot	/category/fr:livarot	Q1144668
French cheeses	fr:Mâconnais	/category/fr:maconnais	
French cheeses	fr:Maroilles	/category/fr:maroilles	Q734978
French cheeses	fr:Mont d'Or	/category/fr:mont-d-or	Q2147909
French cheeses	fr:Morbiers	/category/fr:morbiers	Q177727
French cheeses	fr:Munster	/category/fr:munster	
French cheeses	fr:Neufchâtel	/category/fr:neufchatel	
French cheeses	fr:Ossau-lraty	/category/fr:ossau-lraty	Q520598
French cheeses	fr:Pélardon	/category/fr:pelardon	
French cheeses	fr:Pérail	/category/fr:perail	
French cheeses	fr:Picodon	/category/fr:picodon	
French cheeses	fr:Pouligny-Saint-Pierre	/category/fr:pouligny-saint-pierre	
French cheeses	fr:Reblochons	/category/fr:reblochons	Q543805
French cheeses	fr:Rigotte de Condrieu	/category/fr:rigotte-de-condrieu	
French cheeses	fr:Rocamadour	/category/fr:rocamadour	
French cheeses	fr:Saint-Marcellin	/category/fr:saint-marcellin	
French cheeses	fr:Saint-nectaire	/category/fr:saint-nectaire	Q548309
French cheeses	fr:Sainte-Maure de Touraine	/category/fr:sainte-maure-de-touraine	
French cheeses	fr:Salers	/category/fr:salers	
French cheeses	fr:Selles-sur-Cher	/category/fr:selles-sur-cher	
French cheeses	fr:Tome des Bauges	/category/fr:tome-des-bauges	
French cheeses	fr:Tomme de Savoie	/category/fr:tomme-de-savoie	
French cheeses	fr:Tomme des Pyrénées	/category/fr:tomme-des-pyrenees	
Cheeses	Goat cheeses	/category/goat-cheeses	Q198815
Goat cheeses	Cabécous	/category/cabecous	Q954122
Goat cheeses	Valençay cheese	/category/valencay-cheese	Q659277
Goat cheeses	fr:Banon	/category/fr:banon	
Goat cheeses	fr:Chabichous du Poitou	/category/fr:chabichous-du-poitou	
Goat cheeses	fr:Charolais	/category/fr:charolais	
Goat cheeses	fr:Chevrotins	/category/fr:chevrotins	
Goat cheeses	fr:Crottins de Chavignol	/category/fr:crottins-de-chavignol	Q249873
Goat cheeses	fr:Mâconnais	/category/fr:maconnais	
Goat cheeses	fr:Pélardon	/category/fr:pelardon	
Goat cheeses	fr:Picodon	/category/fr:picodon	
Goat cheeses	fr:Pouligny-Saint-Pierre	/category/fr:pouligny-saint-pierre	
Goat cheeses	fr:Rigotte de Condrieu	/category/fr:rigotte-de-condrieu	
Goat cheeses	fr:Rocamadour	/category/fr:rocamadour	
Goat cheeses	fr:Sainte-Maure de Touraine	/category/fr:sainte-maure-de-touraine	
Goat cheeses	fr:Selles-sur-Cher	/category/fr:selles-sur-cher	
Cheeses	Grated cheese	/category/grated-cheese	
Grated cheese	Grated emmentaler	/category/grated-emmentaler	
Cheeses	Greek cheeses	/category/greek-cheeses	
Greek cheeses	de:Manouri	/category/de:manouri	Q94606
Greek cheeses	el:Anevato	/category/el:anevato	
Greek cheeses	el:Batzos	/category/el:batzos	
Greek cheeses	el:Formaella Arachovas Parnassou	/category/el:formaella-arachovas-parnassou	
Greek cheeses	el:Galotyri	/category/el:galotyri	
Greek cheeses	el:Graviera Agrafon	/category/el:graviera-agrafon	
Greek cheeses	el:Graviera Kritis	/category/el:graviera-kritis	
Greek cheeses	el:Graviera Naxou	/category/el:graviera-naxou	
Greek cheeses	el:Kalathaki Limnou	/category/el:kalathaki-limnou	
Greek cheeses	el:Kasseri	/category/el:kasseri	
Greek cheeses	el:Katiki Domokou	/category/el:katiki-domokou	
Greek cheeses	el:Kefalograviera	/category/el:kefalograviera	Q1232535
Greek cheeses	el:Kopanisti	/category/el:kopanisti	
Greek cheeses	el:Ladotyri Mytilinis	/category/el:ladotyri-mytilinis	
Greek cheeses	el:Metsovone	/category/el:metsovone	Q1223811
Greek cheeses	el:Pichtogalo Chanion	/category/el:pichtogalo-chanion	
Greek cheeses	el:San Michali	/category/el:san-michali	
Greek cheeses	el:Sfela	/category/el:sfela	
Greek cheeses	el:Xygalo Siteias	/category/el:xygalo-siteias	
Greek cheeses	el:Xynomyzithra Kritis	/category/el:xynomyzithra-kritis	
Greek cheeses	Feta	/category/feta	Q182760
Cheeses	Half-cooked pressed cheeses	/category/half-cooked-pressed-cheeses	Q3088328
Half-cooked pressed cheeses	fr:Têtes de Moine	/category/fr:tetes-de-moine	Q687579
Cheeses	Industrial cheese	/category/industrial-cheese	
Cheeses	Italian cheeses	/category/italian-cheeses	
Italian cheeses	Gorgonzolas	/category/gorgonzolas	Q209044
Italian cheeses	Grana Padano	/category/grana-padano	
Italian cheeses	Mascarpone	/category/mascarpone	Q209889
Italian cheeses	Mozzarella	/category/mozzarella	Q14088
Mozzarella	fr:Mozzarella di Bufala Campana	/category/fr:mozzarella-di-bufala-campana	Q941068
Italian cheeses	Parmigiano-Reggiano	/category/parmigiano-reggiano	Q155922
Italian cheeses	Pecorino	/category/pecorino	Q677640
Pecorino	it:Pecorino Crotonese	/category/it:pecorino-crotonese	
Pecorino	it:Pecorino delle Balze Volterrane	/category/it:pecorino-delle-balze-volterrane	
Pecorino	it:Pecorino di Filiano	/category/it:pecorino-di-filiano	
Pecorino	it:Pecorino di Picinisco	/category/it:pecorino-di-picinisco	
Pecorino	it:Pecorino Romano	/category/it:pecorino-romano	Q1246024
Pecorino	it:Pecorino Sardo	/category/it:pecorino-sardo	Q592173
Pecorino	it:Pecorino Siciliano	/category/it:pecorino-siciliano	
Pecorino	it:Pecorino Toscano	/category/it:pecorino-toscano	Q980288
Italian cheeses	Ricotta	/category/ricotta	Q216781
Ricotta	it:Ricotta Romana	/category/it:ricotta-romana	
Italian cheeses	fr:Burrata	/category/fr:burrata	Q543512
Italian cheeses	it:Asiago	/category/it:asiago	
Italian cheeses	it:Bitto	/category/it:bitto	
Italian cheeses	it:Bra	/category/it:bra	
Italian cheeses	it:Caciocavallo Silano	/category/it:caciocavallo-silano	
Italian cheeses	it:Canestrato di Moliterno	/category/it:canestrato-di-moliterno	
Italian cheeses	it:Canestrato Pugliese	/category/it:canestrato-pugliese	
Italian cheeses	it:Casatella Trevigiana	/category/it:casatella-trevigiana	
Italian cheeses	it:Casciotta d'Urbino	/category/it:casciotta-d-urbino	
Italian cheeses	it:Castelmagno	/category/it:castelmagno	
Italian cheeses	it:Fiore Sardo	/category/it:fiore-sardo	
Italian cheeses	it:Fontina	/category/it:fontina	
Italian cheeses	it:Formaggella del Luinese	/category/it:formaggella-del-luinese	
Italian cheeses	it:Formaggio di Fossa di Sogliano	/category/it:formaggio-di-fossa-di-sogliano	
Italian cheeses	it:Formai de Mut Dell'alta Valle Brembana	/category/it:formai-de-mut-dell-alta-valle-brembana	
Italian cheeses	it:Montasio	/category/it:montasio	
Italian cheeses	it:Monte Veronese	/category/it:monte-veronese	
Italian cheeses	it:Murazzano	/category/it:murazzano	Q1238105
Italian cheeses	it:Nostrano Valtrompia	/category/it:nostrano-valtrompia	Q3878649
Italian cheeses	it:Piacentinu Ennese	/category/it:piacentinu-ennese	
Italian cheeses	it:Piave	/category/it:piave	
Italian cheeses	it:Provolone del Monaco	/category/it:provolone-del-monaco	
Italian cheeses	it:Provolone Valpadana	/category/it:provolone-valpadana	
Italian cheeses	it:Puzzone di Moena	/category/it:puzzone-di-moena	
Italian cheeses	it:Quartirolo Lombardo	/category/it:quartirolo-lombardo	
Italian cheeses	it:Ragusano	/category/it:ragusano	
Italian cheeses	it:Raschera	/category/it:raschera	
Italian cheeses	it:Robiola di Roccaverano	/category/it:robiola-di-roccaverano	
Italian cheeses	it:Spressa delle Giudicarie	/category/it:spressa-delle-giudicarie	
Italian cheeses	it:Squacquerone di Romagna	/category/it:squacquerone-di-romagna	
Italian cheeses	it:Stelvio	/category/it:stelvio	
Italian cheeses	it:Strachitunt	/category/it:strachitunt	
Italian cheeses	it:Taleggio	/category/it:taleggio	
Italian cheeses	it:Toma Piemontese	/category/it:toma-piemontese	
Italian cheeses	it:Valle d'Aosta Fromadzo	/category/it:valle-d-aosta-fromadzo	
Italian cheeses	it:Valtellina Casera	/category/it:valtellina-casera	
Italian cheeses	it:Vastedda della valle del Belìce	/category/it:vastedda-della-valle-del-belice	
Cheeses	Labeled cheeses	/category/labeled-cheeses	
Labeled cheeses	AOC cheeses	/category/aoc-cheeses	
AOC cheeses	Pont-l'évêque	/category/pont-l-eveque	Q1233145
AOC cheeses	fr:Comté	/category/fr:comte	
